Title,Score,Comments,Created,URL,Cleaned_Title,Cleaned_Title_No_Stopwords,Sentiment_Score,Sentiment_Label
Rate My Portfolio - r/Stocks Quarterly Thread December 2024,11,77,1733047222.0,https://www.reddit.com/r/stocks/comments/1h403u4/rate_my_portfolio_rstocks_quarterly_thread/,rate my portfolio  rstocks quarterly thread december ,rate portfolio rstocks quarterly thread december,0.0,Neutral
"r/Stocks Daily Discussion & Technicals Tuesday - Dec 03, 2024",5,78,1733221810.0,https://www.reddit.com/r/stocks/comments/1h5khdt/rstocks_daily_discussion_technicals_tuesday_dec/,rstocks daily discussion  technicals tuesday  dec  ,rstocks daily discussion technicals tuesday dec,0.0,Neutral
Tesla CEO Elon Musk loses bid to get $56 billion pay package reinstated,4626,793,1733177438.0,https://www.reddit.com/r/stocks/comments/1h57cx2/tesla_ceo_elon_musk_loses_bid_to_get_56_billion/,tesla ceo elon musk loses bid to get  billion pay package reinstated,tesla ceo elon musk loses bid get billion pay package reinstated,-0.4019,Negative
Palantir Granted FedRAMP High Baseline Authorization,32,5,1733237209.0,https://www.reddit.com/r/stocks/comments/1h5p0zr/palantir_granted_fedramp_high_baseline/,palantir granted fedramp high baseline authorization,palantir granted fedramp high baseline authorization,0.25,Positive
Rivian's potential $6.6 billion DoE loan catches eye of Musk-Ramaswamy's DOGE,398,127,1733181079.0,https://www.reddit.com/r/stocks/comments/1h58s1w/rivians_potential_66_billion_doe_loan_catches_eye/,rivians potential  billion doe loan catches eye of muskramaswamys doge,rivians potential billion doe loan catches eye muskramaswamys doge,0.0,Neutral
ACHR - collapse why?,582,383,1733157663.0,https://www.reddit.com/r/stocks/comments/1h4z8qz/achr_collapse_why/,achr  collapse why,achr collapse,-0.4939,Negative
These are the stocks on my watchlist (12/3),9,1,1733235953.0,https://www.reddit.com/r/stocks/comments/1h5okj8/these_are_the_stocks_on_my_watchlist_123/,these are the stocks on my watchlist ,stocks watchlist,0.0,Neutral
Intel CEO Pat Gelsinger retires,654,214,1733146902.0,https://www.reddit.com/r/stocks/comments/1h4v7ko/intel_ceo_pat_gelsinger_retires/,intel ceo pat gelsinger retires,intel ceo pat gelsinger retires,0.0,Neutral
Super Micro Computer pops 15% after special committee finds no ‘evidence of misconduct’,199,70,1733154122.0,https://www.reddit.com/r/stocks/comments/1h4xtvz/super_micro_computer_pops_15_after_special/,super micro computer pops  after special committee finds no evidence of misconduct,super micro computer pops special committee finds evidence misconduct,0.6597,Positive
Raytheon awarded 1.3 Billion Navy / DOD contract just now $RTX,32,16,1733179797.0,https://www.reddit.com/r/stocks/comments/1h58a4i/raytheon_awarded_13_billion_navy_dod_contract/,raytheon awarded  billion navy  dod contract just now rtx,raytheon awarded billion navy dod contract rtx,0.4019,Positive
Is QCOM forming a head and shoulders pattern?,0,1,1733245769.0,https://www.reddit.com/r/stocks/comments/1h5sdjh/is_qcom_forming_a_head_and_shoulders_pattern/,is qcom forming a head and shoulders pattern,qcom forming head shoulders pattern,0.0,Neutral
GM to sell stake in battery cell plant to joint venture partner for roughly $1 billion,26,1,1733174149.0,https://www.reddit.com/r/stocks/comments/1h560u4/gm_to_sell_stake_in_battery_cell_plant_to_joint/,gm to sell stake in battery cell plant to joint venture partner for roughly  billion,gm sell stake battery cell plant joint venture partner roughly billion,0.0,Neutral
Thoughts on DWL.L?,2,1,1733224237.0,https://www.reddit.com/r/stocks/comments/1h5l23r/thoughts_on_dwll/,thoughts on dwll,thoughts dwll,0.0,Neutral
Can someone please explain the process of reclaiming stocks that were escheated?,5,2,1733193836.0,https://www.reddit.com/r/stocks/comments/1h5d9ps/can_someone_please_explain_the_process_of/,can someone please explain the process of reclaiming stocks that were escheated,someone please explain process reclaiming stocks escheated,0.3182,Positive
"These are the stocks on my watchlist (12/2)
",30,6,1733148898.0,https://www.reddit.com/r/stocks/comments/1h4vw1m/these_are_the_stocks_on_my_watchlist_122/,"these are the stocks on my watchlist 
",stocks watchlist,0.0,Neutral
Anyone else buying the NU dip?,15,63,1733151877.0,https://www.reddit.com/r/stocks/comments/1h4wyxh/anyone_else_buying_the_nu_dip/,anyone else buying the nu dip,anyone else buying nu dip,0.0,Neutral
Is anyone else a little concerned about this market jump up?,506,439,1733077454.0,https://www.reddit.com/r/stocks/comments/1h49py3/is_anyone_else_a_little_concerned_about_this/,is anyone else a little concerned about this market jump up,anyone else little concerned market jump,0.0,Neutral
Stellantis CEO resignes (Is fired),238,98,1733084096.0,https://www.reddit.com/r/stocks/comments/1h4ccah/stellantis_ceo_resignes_is_fired/,stellantis ceo resignes is fired,stellantis ceo resignes fired,-0.5574,Negative
"r/Stocks Daily Discussion Monday - Dec 02, 2024",7,211,1733135411.0,https://www.reddit.com/r/stocks/comments/1h4s1eu/rstocks_daily_discussion_monday_dec_02_2024/,rstocks daily discussion monday  dec  ,rstocks daily discussion monday dec,0.0,Neutral
Does AVGO is rise count as a gift?,0,9,1733153233.0,https://www.reddit.com/r/stocks/comments/1h4xhj3/does_avgo_is_rise_count_as_a_gift/,does avgo is rise count as a gift,avgo rise count gift,0.4404,Positive
What do we think about IOVA?,0,15,1733170403.0,https://www.reddit.com/r/stocks/comments/1h54hmj/what_do_we_think_about_iova/,what do we think about iova,think iova,0.0,Neutral
Seeking Alpha Black Friday Sale,67,78,1733056984.0,https://www.reddit.com/r/stocks/comments/1h42h3k/seeking_alpha_black_friday_sale/,seeking alpha black friday sale,seeking alpha black friday sale,0.0,Neutral
Roth MKM takes TSLA target to 380,0,15,1733171063.0,https://www.reddit.com/r/stocks/comments/1h54r9m/roth_mkm_takes_tsla_target_to_380/,roth mkm takes tsla target to ,roth mkm takes tsla target,0.0,Neutral
5 Health care stocks for the next 5 years,1,43,1733122421.0,https://www.reddit.com/r/stocks/comments/1h4p4ps/5_health_care_stocks_for_the_next_5_years/, health care stocks for the next  years,health care stocks next years,0.4939,Positive
The defense Sector - Can those Earnings be sustained in peace times. ,0,11,1733152917.0,https://www.reddit.com/r/stocks/comments/1h4xd4y/the_defense_sector_can_those_earnings_be/,the defense sector  can those earnings be sustained in peace times ,defense sector earnings sustained peace times,0.6124,Positive
German market - Volkswagen,58,62,1733030185.0,https://www.reddit.com/r/stocks/comments/1h3vzop/german_market_volkswagen/,german market  volkswagen,german market volkswagen,0.0,Neutral
Curious what everyone in this sub thinks of MSTR?,0,79,1733135474.0,https://www.reddit.com/r/stocks/comments/1h4s1wf/curious_what_everyone_in_this_sub_thinks_of_mstr/,curious what everyone in this sub thinks of mstr,curious everyone sub thinks mstr,0.3182,Positive
difference between splitting large companies by FTC/DoJ  and collaborating companies,4,1,1733040171.0,https://www.reddit.com/r/stocks/comments/1h3yi4i/difference_between_splitting_large_companies_by/,difference between splitting large companies by ftcdoj  and collaborating companies,difference splitting large companies ftcdoj collaborating companies,0.0,Neutral
Do you think Rivian would make it to $100 a share?,238,486,1732939670.0,https://www.reddit.com/r/stocks/comments/1h3465k/do_you_think_rivian_would_make_it_to_100_a_share/,do you think rivian would make it to  a share,think rivian would make share,0.296,Positive
23-Hour Party People: U.S. stocks may soon trade nearly around the clock.,492,180,1732903281.0,https://www.reddit.com/r/stocks/comments/1h2roez/23hour_party_people_us_stocks_may_soon_trade/,hour party people us stocks may soon trade nearly around the clock,hour party people us stocks may soon trade nearly around clock,0.4019,Positive
"r/Stocks Weekly Thread on Meme Stocks Saturday - Nov 30, 2024",3,2,1732986027.0,https://www.reddit.com/r/stocks/comments/1h3gyeg/rstocks_weekly_thread_on_meme_stocks_saturday_nov/,rstocks weekly thread on meme stocks saturday  nov  ,rstocks weekly thread meme stocks saturday nov,0.0,Neutral
"/r/Stocks Weekend Discussion Saturday - Nov 30, 2024",8,87,1732962617.0,https://www.reddit.com/r/stocks/comments/1h39vdi/rstocks_weekend_discussion_saturday_nov_30_2024/,rstocks weekend discussion saturday  nov  ,rstocks weekend discussion saturday nov,0.0,Neutral
Thoughts on buying BRB.K this month instead of DCAing into S&P?,79,63,1732892041.0,https://www.reddit.com/r/stocks/comments/1h2nht8/thoughts_on_buying_brbk_this_month_instead_of/,thoughts on buying brbk this month instead of dcaing into sp,thoughts buying brbk month instead dcaing sp,0.0,Neutral
Fellow Canadians: What’s the Difference Between ZSP and VFV?,11,4,1732916427.0,https://www.reddit.com/r/stocks/comments/1h2wlob/fellow_canadians_whats_the_difference_between_zsp/,fellow canadians whats the difference between zsp and vfv,fellow canadians whats difference zsp vfv,0.0,Neutral
Ocean Exploration Stocks! The next big sector! ,0,32,1732989179.0,https://www.reddit.com/r/stocks/comments/1h3i51d/ocean_exploration_stocks_the_next_big_sector/,ocean exploration stocks the next big sector ,ocean exploration stocks next big sector,0.3578,Positive
Technology and its effect on stock market average returns. Does the future hold higher average returns?,20,19,1732898152.0,https://www.reddit.com/r/stocks/comments/1h2ppqn/technology_and_its_effect_on_stock_market_average/,technology and its effect on stock market average returns does the future hold higher average returns,technology effect stock market average returns future hold higher average returns,0.0,Neutral
Reddit overtakes X in popularity of social media platforms in UK $RDDT,1049,165,1732803922.0,https://www.reddit.com/r/stocks/comments/1h1x2aj/reddit_overtakes_x_in_popularity_of_social_media/,reddit overtakes x in popularity of social media platforms in uk rddt,reddit overtakes x popularity social media platforms uk rddt,0.4767,Positive
Is there a realistic scenario where you would sell all your stocks? ,240,415,1732818462.0,https://www.reddit.com/r/stocks/comments/1h22eal/is_there_a_realistic_scenario_where_you_would/,is there a realistic scenario where you would sell all your stocks ,realistic scenario would sell stocks,0.0,Neutral
The evolution of an investor - Which level are you?,0,23,1732956888.0,https://www.reddit.com/r/stocks/comments/1h38kyf/the_evolution_of_an_investor_which_level_are_you/,the evolution of an investor  which level are you,evolution investor level,0.0,Neutral
"r/Stocks Daily Discussion & Fundamentals Friday Nov 29, 2024",10,174,1732876209.0,https://www.reddit.com/r/stocks/comments/1h2iyx6/rstocks_daily_discussion_fundamentals_friday_nov/,rstocks daily discussion  fundamentals friday nov  ,rstocks daily discussion fundamentals friday nov,0.0,Neutral
I think bird flu risk is being underestimated by the market. Long on $MRNA,213,156,1732809014.0,https://www.reddit.com/r/stocks/comments/1h1yuwt/i_think_bird_flu_risk_is_being_underestimated_by/,i think bird flu risk is being underestimated by the market long on mrna,think bird flu risk underestimated market long mrna,-0.7003,Negative
"TSMC seems cheap to me, what’s your opinion?",93,133,1732815616.0,https://www.reddit.com/r/stocks/comments/1h21c8g/tsmc_seems_cheap_to_me_whats_your_opinion/,tsmc seems cheap to me whats your opinion,tsmc seems cheap whats opinion,0.0,Neutral
If you could only buy one stock now what would it be,1605,2569,1732735027.0,https://www.reddit.com/r/stocks/comments/1h1cds4/if_you_could_only_buy_one_stock_now_what_would_it/,if you could only buy one stock now what would it be,could buy one stock would,0.0,Neutral
Question about selling and purchase again in less than 30 days Taxes. ,7,7,1732845343.0,https://www.reddit.com/r/stocks/comments/1h2b32d/question_about_selling_and_purchase_again_in_less/,question about selling and purchase again in less than  days taxes ,question selling purchase less days taxes,0.0,Neutral
"Google, Apple, and Microsoft are facing anti trust threats ",88,76,1732782221.0,https://www.reddit.com/r/stocks/comments/1h1rfit/google_apple_and_microsoft_are_facing_anti_trust/,google apple and microsoft are facing anti trust threats ,google apple microsoft facing anti trust threats,-0.2023,Negative
Intel stock a viable investment now that it has a government contract for chips?,122,124,1732770165.0,https://www.reddit.com/r/stocks/comments/1h1oebx/intel_stock_a_viable_investment_now_that_it_has_a/,intel stock a viable investment now that it has a government contract for chips,intel stock viable investment government contract chips,0.0,Neutral
PayPal: A Path Back to Its Historical Strength and Growth Potential,38,52,1732792654.0,https://www.reddit.com/r/stocks/comments/1h1tt6z/paypal_a_path_back_to_its_historical_strength_and/,paypal a path back to its historical strength and growth potential,paypal path back historical strength growth potential,0.7003,Positive
Microsoft faces wide-ranging U.S. antitrust probe,185,87,1732757894.0,https://www.reddit.com/r/stocks/comments/1h1kqio/microsoft_faces_wideranging_us_antitrust_probe/,microsoft faces wideranging us antitrust probe,microsoft faces wideranging us antitrust probe,0.0,Neutral
"r/Stocks Daily Discussion & Options Trading Thursday - Nov 28, 2024",8,74,1732789809.0,https://www.reddit.com/r/stocks/comments/1h1t4ca/rstocks_daily_discussion_options_trading_thursday/,rstocks daily discussion  options trading thursday  nov  ,rstocks daily discussion options trading thursday nov,0.0,Neutral
I don't understand MicroStrategy,398,389,1732710575.0,https://www.reddit.com/r/stocks/comments/1h13696/i_dont_understand_microstrategy/,i dont understand microstrategy,dont understand microstrategy,0.0,Neutral
Why I think UBER is a BUY,0,54,1732883538.0,https://www.reddit.com/r/stocks/comments/1h2kshj/why_i_think_uber_is_a_buy/,why i think uber is a buy,think uber buy,0.0,Neutral
"PCE rises to 2.3% annually, ""meeting expectations""",70,34,1732736142.0,https://www.reddit.com/r/stocks/comments/1h1cu3t/pce_rises_to_23_annually_meeting_expectations/,pce rises to  annually meeting expectations,pce rises annually meeting expectations,0.0,Neutral
SMCI potential in the coming weeks/months,0,33,1732858753.0,https://www.reddit.com/r/stocks/comments/1h2etlk/smci_potential_in_the_coming_weeksmonths/,smci potential in the coming weeksmonths,smci potential coming weeksmonths,0.0,Neutral
Could Coinbase enter the S&P 500 in the Dec Rebalance? What do you think!,1,25,1732810025.0,https://www.reddit.com/r/stocks/comments/1h1z88c/could_coinbase_enter_the_sp_500_in_the_dec/,could coinbase enter the sp  in the dec rebalance what do you think,could coinbase enter sp dec rebalance think,0.0,Neutral
Huge Insider Buying at Prospect Capital $PSEC,17,10,1732733321.0,https://www.reddit.com/r/stocks/comments/1h1boos/huge_insider_buying_at_prospect_capital_psec/,huge insider buying at prospect capital psec,huge insider buying prospect capital psec,0.5423,Positive
These are the stocks on my watchlist (11/27),39,18,1732716753.0,https://www.reddit.com/r/stocks/comments/1h157ua/these_are_the_stocks_on_my_watchlist_1127/,these are the stocks on my watchlist ,stocks watchlist,0.0,Neutral
Intel down on great news and the bleeding continues,391,229,1732654194.0,https://www.reddit.com/r/stocks/comments/1h0meyt/intel_down_on_great_news_and_the_bleeding/,intel down on great news and the bleeding continues,intel great news bleeding continues,0.6249,Positive
EC Stock - Value opportunity,2,4,1732755731.0,https://www.reddit.com/r/stocks/comments/1h1k1yf/ec_stock_value_opportunity/,ec stock  value opportunity,ec stock value opportunity,0.6369,Positive
How we feeling about RKLB,319,267,1732655062.0,https://www.reddit.com/r/stocks/comments/1h0mrvn/how_we_feeling_about_rklb/,how we feeling about rklb,feeling rklb,0.128,Positive
Deep dive into Kering - From Timber to Gucci: A Legacy of Acquisitions,26,15,1732702849.0,https://www.reddit.com/r/stocks/comments/1h117vj/deep_dive_into_kering_from_timber_to_gucci_a/,deep dive into kering  from timber to gucci a legacy of acquisitions,deep dive kering timber gucci legacy acquisitions,0.0,Neutral
Looking for advice: combining technical analysis with news-based and high-volatility trading,9,7,1732703017.0,https://www.reddit.com/r/stocks/comments/1h11987/looking_for_advice_combining_technical_analysis/,looking for advice combining technical analysis with newsbased and highvolatility trading,looking advice combining technical analysis newsbased highvolatility trading,0.0,Neutral
$Dell Earnings ,58,45,1732663759.0,https://www.reddit.com/r/stocks/comments/1h0q55v/dell_earnings/,dell earnings ,dell earnings,0.0,Neutral
RDDT Q4 prognosis,90,99,1732651575.0,https://www.reddit.com/r/stocks/comments/1h0ld1i/rddt_q4_prognosis/,rddt q prognosis,rddt q prognosis,0.0,Neutral
"r/Stocks Daily Discussion Wednesday - Nov 27, 2024",7,176,1732703409.0,https://www.reddit.com/r/stocks/comments/1h11cj1/rstocks_daily_discussion_wednesday_nov_27_2024/,rstocks daily discussion wednesday  nov  ,rstocks daily discussion wednesday nov,0.0,Neutral
Rivian Receives Conditional Commitment for up to $6.6 Billion Loan from the U.S. Department of Energy,286,73,1732613595.0,https://www.reddit.com/r/stocks/comments/1h0815y/rivian_receives_conditional_commitment_for_up_to/,rivian receives conditional commitment for up to  billion loan from the us department of energy,rivian receives conditional commitment billion loan us department energy,0.5719,Positive
These are the stocks on my watchlist (11/26),76,44,1732630012.0,https://www.reddit.com/r/stocks/comments/1h0co9w/these_are_the_stocks_on_my_watchlist_1126/,these are the stocks on my watchlist ,stocks watchlist,0.0,Neutral
Opinions on ZETA?,17,16,1732655004.0,https://www.reddit.com/r/stocks/comments/1h0mqz8/opinions_on_zeta/,opinions on zeta,opinions zeta,0.0,Neutral
Does ENPH still has a moat?,21,41,1732645372.0,https://www.reddit.com/r/stocks/comments/1h0irp9/does_enph_still_has_a_moat/,does enph still has a moat,enph still moat,0.0,Neutral
"California plan excludes Tesla from new EV tax credits, governor's office says",695,291,1732576854.0,https://www.reddit.com/r/stocks/comments/1gzx5tr/california_plan_excludes_tesla_from_new_ev_tax/,california plan excludes tesla from new ev tax credits governors office says,california plan excludes tesla new ev tax credits governors office says,0.3612,Positive
"Long term investors, what’s your thoughts on recent VFV/vanguard movement?",17,26,1732635036.0,https://www.reddit.com/r/stocks/comments/1h0ej8h/long_term_investors_whats_your_thoughts_on_recent/,long term investors whats your thoughts on recent vfvvanguard movement,long term investors whats thoughts recent vfvvanguard movement,0.0,Neutral
For buying stocks for long term. Do you guys think is better to use 200EMA on daily or weekly chart? ,1,42,1732688309.0,https://www.reddit.com/r/stocks/comments/1h0xvnu/for_buying_stocks_for_long_term_do_you_guys_think/,for buying stocks for long term do you guys think is better to use ema on daily or weekly chart ,buying stocks long term guys think better use ema daily weekly chart,0.4404,Positive
What’s your plan for Dec / 2025?,127,200,1732571211.0,https://www.reddit.com/r/stocks/comments/1gzux6k/whats_your_plan_for_dec_2025/,whats your plan for dec  ,whats plan dec,0.0,Neutral
"r/Stocks Daily Discussion & Technicals Tuesday - Nov 26, 2024",9,233,1732617010.0,https://www.reddit.com/r/stocks/comments/1h08ta0/rstocks_daily_discussion_technicals_tuesday_nov/,rstocks daily discussion  technicals tuesday  nov  ,rstocks daily discussion technicals tuesday nov,0.0,Neutral
Why MicroStrategy Stock Rocketed 24.7% Higher This Week,205,112,1732533611.0,https://www.reddit.com/r/stocks/comments/1gzglu6/why_microstrategy_stock_rocketed_247_higher_this/,why microstrategy stock rocketed  higher this week,microstrategy stock rocketed higher week,0.0,Neutral
Zenas Biopharma (ZBIO),32,19,1732553958.0,https://www.reddit.com/r/stocks/comments/1gznn8o/zenas_biopharma_zbio/,zenas biopharma zbio,zenas biopharma zbio,0.0,Neutral
Question on Oil Companies,14,17,1732549863.0,https://www.reddit.com/r/stocks/comments/1gzlyct/question_on_oil_companies/,question on oil companies,question oil companies,0.0,Neutral
How is DCA in s&p500 such a superior strategy compared to other strategies around s&p500 investments?,0,52,1732630599.0,https://www.reddit.com/r/stocks/comments/1h0cvpw/how_is_dca_in_sp500_such_a_superior_strategy/,how is dca in sp such a superior strategy compared to other strategies around sp investments,dca sp superior strategy compared strategies around sp investments,0.5423,Positive
"r/Stocks Daily Discussion Monday - Nov 25, 2024",9,357,1732530610.0,https://www.reddit.com/r/stocks/comments/1gzfvyo/rstocks_daily_discussion_monday_nov_25_2024/,rstocks daily discussion monday  nov  ,rstocks daily discussion monday nov,0.0,Neutral
Speculate on GOOG - what'd be the best countermove against DoJ slaps? ,223,230,1732470542.0,https://www.reddit.com/r/stocks/comments/1gywuwe/speculate_on_goog_whatd_be_the_best_countermove/,speculate on goog  whatd be the best countermove against doj slaps ,speculate goog whatd best countermove doj slaps,0.6369,Positive
MDA Space blowing up by year’s end (contract incoming),135,110,1732479918.0,https://www.reddit.com/r/stocks/comments/1gz0kgz/mda_space_blowing_up_by_years_end_contract/,mda space blowing up by years end contract incoming,mda space blowing years end contract incoming,0.0,Neutral
Anyone here long in Vertiv?,57,37,1732487049.0,https://www.reddit.com/r/stocks/comments/1gz3cfu/anyone_here_long_in_vertiv/,anyone here long in vertiv,anyone long vertiv,0.0,Neutral
TIL You can invest in SpaceX and Xai -- but you have to do it via Cathy Woods & SoFi,0,44,1732604549.0,https://www.reddit.com/r/stocks/comments/1h05z2m/til_you_can_invest_in_spacex_and_xai_but_you_have/,til you can invest in spacex and xai  but you have to do it via cathy woods  sofi,til invest spacex xai via cathy woods sofi,0.0,Neutral
How are activist short sellers not committing insider trading,110,70,1732472191.0,https://www.reddit.com/r/stocks/comments/1gyxil8/how_are_activist_short_sellers_not_committing/,how are activist short sellers not committing insider trading,activist short sellers committing insider trading,-0.0572,Negative
Stock events this week,35,9,1732482143.0,https://www.reddit.com/r/stocks/comments/1gz1g5g/stock_events_this_week/,stock events this week,stock events week,0.0,Neutral
"Glancy Prongay & Murray LLP, a Leading Securities Fraud Law Firm, Announces Investigation of Match Group, Inc. (MTCH) on Behalf of Investors",39,30,1732436085.0,https://www.reddit.com/r/stocks/comments/1gym548/glancy_prongay_murray_llp_a_leading_securities/,glancy prongay  murray llp a leading securities fraud law firm announces investigation of match group inc mtch on behalf of investors,glancy prongay murray llp leading securities fraud law firm announces investigation match group inc mtch behalf investors,-0.3818,Negative
Ganja Bear Case (and one possible exception),0,6,1732528321.0,https://www.reddit.com/r/stocks/comments/1gzfcoy/ganja_bear_case_and_one_possible_exception/,ganja bear case and one possible exception,ganja bear case one possible exception,0.0,Neutral
Evaluation of Companies with Down Revenue,36,23,1732404715.0,https://www.reddit.com/r/stocks/comments/1gyd256/evaluation_of_companies_with_down_revenue/,evaluation of companies with down revenue,evaluation companies revenue,0.0,Neutral
Anyone else concerned with this rally?,590,638,1732310593.0,https://www.reddit.com/r/stocks/comments/1gxirej/anyone_else_concerned_with_this_rally/,anyone else concerned with this rally,anyone else concerned rally,0.0,Neutral
Games Workshop up 15% following higher than expected quarterly sales!,14,12,1732381032.0,https://www.reddit.com/r/stocks/comments/1gy45nc/games_workshop_up_15_following_higher_than/,games workshop up  following higher than expected quarterly sales,games workshop following higher expected quarterly sales,0.0,Neutral
Delaware Funds by Macquarie,11,8,1732381515.0,https://www.reddit.com/r/stocks/comments/1gy4ckp/delaware_funds_by_macquarie/,delaware funds by macquarie,delaware funds macquarie,0.0,Neutral
Anyone knows which website is showing stocks performance in many green tiles and red tiles?,20,11,1732366805.0,https://www.reddit.com/r/stocks/comments/1gxz36e/anyone_knows_which_website_is_showing_stocks/,anyone knows which website is showing stocks performance in many green tiles and red tiles,anyone knows website showing stocks performance many green tiles red tiles,0.0,Neutral
AMD: The $145 Recovery Rally is Coming Next Week,316,190,1732311868.0,https://www.reddit.com/r/stocks/comments/1gxj8ob/amd_the_145_recovery_rally_is_coming_next_week/,amd the  recovery rally is coming next week,amd recovery rally coming next week,0.0,Neutral
"/r/Stocks Weekend Discussion Saturday - Nov 23, 2024",13,57,1732357816.0,https://www.reddit.com/r/stocks/comments/1gxwqkj/rstocks_weekend_discussion_saturday_nov_23_2024/,rstocks weekend discussion saturday  nov  ,rstocks weekend discussion saturday nov,0.0,Neutral
"r/Stocks Weekly Thread on Meme Stocks Saturday - Nov 23, 2024",2,1,1732381215.0,https://www.reddit.com/r/stocks/comments/1gy487w/rstocks_weekly_thread_on_meme_stocks_saturday_nov/,rstocks weekly thread on meme stocks saturday  nov  ,rstocks weekly thread meme stocks saturday nov,0.0,Neutral
What I learnt from MSTR frenzy,515,174,1732271709.0,https://www.reddit.com/r/stocks/comments/1gx4xb6/what_i_learnt_from_mstr_frenzy/,what i learnt from mstr frenzy,learnt mstr frenzy,-0.3182,Negative
Thoughts and dilemma on Rocket Lab? ,151,188,1732281619.0,https://www.reddit.com/r/stocks/comments/1gx7ofy/thoughts_and_dilemma_on_rocket_lab/,thoughts and dilemma on rocket lab ,thoughts dilemma rocket lab,-0.1779,Negative
Are we putting too much faith in generative AI? Could this hurt AI investments more broadly?,52,44,1732300870.0,https://www.reddit.com/r/stocks/comments/1gxezqq/are_we_putting_too_much_faith_in_generative_ai/,are we putting too much faith in generative ai could this hurt ai investments more broadly,putting much faith generative ai could hurt ai investments broadly,-0.3736,Negative
C3AI begins to turn the tide,81,50,1732284810.0,https://www.reddit.com/r/stocks/comments/1gx8r3n/c3ai_begins_to_turn_the_tide/,cai begins to turn the tide,cai begins turn tide,0.0,Neutral
"FAA Green Light, $6B Orders, Stellantis Millions: Archer Aviation's $5M Flying Taxis may be the Tesla of the Sky",47,30,1732293774.0,https://www.reddit.com/r/stocks/comments/1gxc5ev/faa_green_light_6b_orders_stellantis_millions/,faa green light b orders stellantis millions archer aviations m flying taxis may be the tesla of the sky,faa green light b orders stellantis millions archer aviations flying taxis may tesla sky,0.0,Neutral
"OK, Here is the main reason that why Biotech companies don't make money in China",77,51,1732245545.0,https://www.reddit.com/r/stocks/comments/1gwyb4m/ok_here_is_the_main_reason_that_why_biotech/,ok here is the main reason that why biotech companies dont make money in china,ok main reason biotech companies dont make money china,0.0,Neutral
